{
  "宮崎市": {
    "2007-2012": {
      "establishments": {
        "start": 3814.0,
        "end": 2647.0,
        "change_pct": -30.597797587834297,
        "change_abs": -1167.0
      },
      "employees": {
        "start": 25493.0,
        "end": 20596.0,
        "change_pct": -19.209194680892793,
        "change_abs": -4897.0
      },
      "sales": {
        "start": 436115.0,
        "end": 378791.0,
        "change_pct": -13.144239478119305,
        "change_abs": -57324.0
      },
      "salesArea": {
        "start": 490285.0,
        "end": 459915.0,
        "change_pct": -6.194356343759242,
        "change_abs": -30370.0
      }
    },
    "2012-2021": {
      "establishments": {
        "start": 2647.0,
        "end": 2764.0,
        "change_pct": 4.420098224404987,
        "change_abs": 117.0
      },
      "employees": {
        "start": 20596.0,
        "end": 22755.0,
        "change_pct": 10.482617984074578,
        "change_abs": 2159.0
      },
      "sales": {
        "start": 378791.0,
        "end": 429188.0,
        "change_pct": 13.304698369285436,
        "change_abs": 50397.0
      },
      "salesArea": {
        "start": 459915.0,
        "end": 502704.0,
        "change_pct": 9.303675679201591,
        "change_abs": 42789.0
      }
    }
  },
  "高松市": {
    "2007-2012": {
      "establishments": {
        "start": 4103.0,
        "end": 2802.0,
        "change_pct": -31.70850597124056,
        "change_abs": -1301.0
      },
      "employees": {
        "start": 29052.0,
        "end": 21683.0,
        "change_pct": -25.364863004268205,
        "change_abs": -7369.0
      },
      "sales": {
        "start": 579608.0,
        "end": 444230.0,
        "change_pct": -23.356820471767126,
        "change_abs": -135378.0
      },
      "salesArea": {
        "start": 732964.0,
        "end": 613550.0,
        "change_pct": -16.291932482359297,
        "change_abs": -119414.0
      }
    },
    "2012-2021": {
      "establishments": {
        "start": 2802.0,
        "end": 2891.0,
        "change_pct": 3.176302640970735,
        "change_abs": 89.0
      },
      "employees": {
        "start": 21683.0,
        "end": 25838.0,
        "change_pct": 19.162477516948762,
        "change_abs": 4155.0
      },
      "sales": {
        "start": 444230.0,
        "end": 611570.0,
        "change_pct": 37.66967561848592,
        "change_abs": 167340.0
      },
      "salesArea": {
        "start": 613550.0,
        "end": 705643.0,
        "change_pct": 15.00986064705403,
        "change_abs": 92093.0
      }
    }
  }
}